A0006	GTCTTTGTCAGTGCA
A0007	GTTGTCCGACAATAC
A0020	TGATAGAAACAGACC
A0023	ATCACATCGTTGCCA
A0024	AACCTTCCGTCTAAG
A0026	GCATTCTGTCACCTA
A0029	CTACGACGTAGAAGA
A0031	CTCAGATGGAGTATG
A0032	GCTAGATAGATGCAA
A0033	CTTTGTACGAGCAAA
A0034	CTCATTGTAACTCCT
A0046	GCGCAACTTGATGAT
A0047	TCCTTTCCTGATAGG
A0050	CTGGGCAATTACTCG
A0052	TAACTCAGGGCCTAT
A0053	TACGCCTATAACTTG
A0058	TATGCGAGGCTTATC
A0063	TCAATCCTTCCGCTT
A0064	CTTCACTCTGTCAGG
A0066	TGGATTCCCGGACTT
A0070	TTCCGAGGATGATCT
A0071	AGCTTACCTGCACGA
A0072	TGTTCCCGCTCAACT
A0073	TGGCTTCAGGTCCTA
A0081	TCTCAGACCTCCGTA
A0083	AAGTTCACTCTTTGC
A0085	TTTGTCCTGTACGCC
A0087	CTCCGAATCATGTTG
A0088	ACAGCGCCGTATTTA
A0089	TTGCTTACCGCCAGA
A0090	GCCGGACGACATTAA
A0091	CTCCTACCTAAACTG
A0092	ATATGTATCACGCGA
A0095	GATTCTTGACGACCT
A0100	TTCTGGGTCCCTAGA
A0101	ACAATTTGAACAGCG
A0124	ACCTTTATGCCACGG
A0127	GGTTACTCGTTGTGT
A0134	CCTTGGATAACATCA
A0136	TAGCGAGCCCGTATA
A0138	CATTAACGGGATGCC
A0140	GCGATGGTAGATTAT
A0141	CCAAAGTAAGAGCCA
A0142	GCTTCCGAATTACCG
A0143	GATCCCTTTGTCACT
A0144	AATTCAACCGTCGCC
A0145	GACCTCATTGTGAAT
A0146	GTCTCTTGGCTTAAA
A0147	GTCCCTGCAACTTGA
A0149	GTACGCAGTCCTTCT
A0151	ATGGTTCACGTAATC
A0152	CATTTGTCTGCCGGT
A0153	CTTATTTCCTGCCCT
A0154	GCACTCCTGCATGTA
A0155	CAGCCCACTGCAATA
A0156	CCAGCTCATTAGAGC
A0158	AACCCACCGTTGTTA
A0159	AATAGCGAGCAAGTA
A0160	GAGCTACTTCACTCG
A0161	GACAAGTGATCTGCA
A0162	AAGTATGCCCTACGA
A0163	GGATAACCGCGCTTT
A0165	CGTGTTTGTTCCTCA
A0167	ACTTCCGTCGATCTT
A0168	AACTCCCTATGGAGG
A0170	GTTATTGGACTAAGG
A0171	CGCGCACCCATTAAA
A0172	GTTAGTGTTAGCTTG
A0174	GTTCCTATGGACGAC
A0176	TTACCTGGTATCCGT
A0179	AGTATCGTCTCTGGG
A0180	AGATTCCTTCGTGTT
A0181	AACCTAGTAGTTCGG
A0185	TATATCCTTGTGAGC
A0187	ATTCTTCAACCGAAG
A0189	TCGCTTGGATGGTAG
A0206	TACTCAGCGTGTTTG
A0214	TCCTTGGATGTACCG
A0215	CGAAGTCGATCCGTA
A0216	TCCTAGTACCGAAGT
A0217	CTGATAGACTTGAGT
A0218	CCTTCCGTATCCCTT
A0219	TGTGTATTCCCTTGT
A0224	CGTAACGTAGAGCGA
A0236	ATCAGATGCCCTCAT
A0237	GGGAGCGATTCAACT
A0238	AAGTCAGGTTCGTTT
A0240	TCCAGGCTAGTCATT
A0241	CCTGTCATTAAGACT
A0242	GAGTTCCCTTACCTG
A0246	TCATTTCCTCCGATT
A0247	AGTGATGGAGCGAAC
A0352	CTCGTTTCCGTATCG
A0353	ACGTTGTGGCCTTGT
A0355	CAGTAAGTTCGGGAC
A0357	GATTAACCAGCTCAT
A0358	GCTTCTCCTTCCTTA
A0359	CCACTCATTTCCGGT
A0364	TTTCAACGCCCTTTC
A0367	TACGATTTGTCAGGG
A0368	TCTCAGTGTTTGTGG
A0369	GTATTCCCTCAGTCA
A0370	GAGATGTCCGAATTT
A0371	GCTTTCTTCAGTATG
A0372	AGGTTGGAGTAGACT
A0373	GTATCCTTCCTTGGC
A0383	GCTCATTACCCATTA
A0384	CAGTCTCCGTAGAGT
A0385	TATTGGGACACTTCT
A0386	TGAGAACGACCCTAA
A0389	TGTACCCGCTTGTGA
A0390	GTGTGTTGTCCTATG
A0391	TGCAATTACCCGGAT
A0393	GGGTTGTTGTCTTTG
A0394	CCGTGTTCCTCATTA
A0396	GGTGGCTAGATAATG
A0398	AATCACGGTCCTTGT
A0404	GAGATGTCTGCAACT
A0406	GGACTAAGTTTCGTT
A0407	TTCTTTGCCTTGCCA
A0408	CGTGTTTAACTTGAG
A0419	CAGTCGTGGTAGATA
A0420	TATCAACCAACGCTT
A0446	GCGCTACTTCCTTGA
A0447	CACGTAGACCTTTGC
A0575	ACTGATGGACTCAGA
A0576	CCATTCAACTTCCGG
A0577	CAGTTCCTCAGTTCG
A0579	GAGTCACCAATCTGC
A0581	TACGAGCAGTATTCA
A0582	TCAGTCAGATGGTAT
A0586	TAGCCGTTTCCTTTG
A0590	ATTTCCATTCCCTGT
A0591	ACCCTTTACCGAATA
A0599	GGACGCTTTCCTTGA
A0817	CACTTAACTCTGGGT
A0822	CACTGCCGTCGATTA
A0830	AGTATGCCATGTCTT
A0845	ACCCGTCCCTAAGAA
A0853	CATTAGAGTCTGCCA
A0861	CTTACCTAGTCATTC
A0864	AGTTTCCACTCAGGC
A0866	TGCCAGTATCACGTA
A0867	CTTTCCGGTCCTACA
A0868	GGATGTACCGCGTAT
A0870	GTCATTGTATGTCTG
A0871	ATATGTCAGAGCACC
A0872	CTCCCTAGTTCCTTT
A0894	AGCTCAGCCAGTATG
A0896	CCTTGTGAGGCTATG
A0897	TCTGTATAACCGTCT
A0898	CAGCCAGTAAGTCAC
A0902	CTTAGCATTTCACTG
A0912	GCCTAGTTTCCGTTT
A0920	TCCCACTTCCGCTTT
A0923	TATAGTTCCTCTGTG
A0931	CTGCATGAGACCAAA
A0935	CTGTAGCATTTCCCT
A0940	ATGGACAGTTCGTGT
A0941	ACAGTCACTGGGCAA
A0944	CTACTTCCCTGTCAA
A1018	AGCTACGAGCAGTAG
A1046	GCCGCATGAGAAACA
CD110	TGTTGTAAGATGCCA
GP130	CACGAGAATTTCAGT
CD337	AAAGTCACTCTGCCG
CD271	AACCGCGCTTCAGAT
CD34	GCAGAAATCTCCCTT
CD117	AGACTAATAGCTGAC
CD1d	TCGAGTCGCTTATCA
CD126	TGATGGGAGCTTATC
CD307e	TCACGCAGTCCTCAA
CD307c_FcRL3	GCCTAGTTTGAACGC
